Empresa,Telefone,Categoria,Endereco
CFL CONSTRUCOES,5517991577156,Construção,Sorocaba - SP
J.T Engenharia,5517981744161,Engenharia,Sorocaba - SP
L.L Construções e Reformas,5516982296259,Reforma,Sorocaba - SP
Fs Reformas e Acabamentos,5515981780535,Construção,Sorocaba - SP
REFORMAS EM GERAL,5515997718069,Reforma,Sorocaba - SP
Azulejista Atos,5517996799307,Azulejista,Sorocaba - SP
JC GESSO UBERABA,5534996314561,Gesso,Uberaba - MG
Salto Projetos,5534996766840,Construção,Sorocaba - SP
Constelha Centro,5515996206446,Construção,Sorocaba - SP
KM Serviços,5517991806276,Forro,Sorocaba - SP
