Empresa/Nome;Telefone/WhatsApp
CFL CONSTRUCOES;5517991577156
J.T Engenharia;5517981744161
L.L Construções e Reformas;5516982296259
Fs Reformas e Acabamentos |Pedreiro em Sorocaba;5515981780535
REFORMAS EM GERAL. SOROCABA E VOTORANTIM. AZULEJISTA.PEDREIRO;5515997718069
Azulejista- Atos Construção e Reforma;5517996799307
JC GESSO UBERABA.;5534996314561
Salto Projetos e Construção - Construtora, Engenharia e Arquitetura;5534996766840
Constelha - Unidade Centro Sorocaba;5515996206446
KM Serviços: Forro PVC / Forro Gesso Acartonado Drywall/ Divisórias em Geral;5517991806276
LARESCA e RODOLFO ARQUITETURA;5517991726751
NickTech Soluções Elétricas Eletricistas e Manutenções Eletricas;5516974032361
WG - Pinturas e Reformas;5516988209759
Almeida & Rodrigues - Construções, Manutenções, Reformas, Consertos, Reparos e Pinturas em Sorocaba;5515996160303
Edi Oliveira - Pedreiro e Azulejista;5515991542417
Materiais p/Construção Opção;5515991439197
WS Construções & Reformas;5515981027174
ENG.CIVIL LEANDRO SOUZA;5517996560015
Reformas em geral e reparos em Rio Preto;5517997657566
Cervantes Cimentos Materiais de Construção Uberaba;5534999459841
